Factor,Variance,Cumulative Variance
1,0.3612595370201649,0.3612595370201649
2,0.05446293615347044,0.4157224731736353
3,0.04217453086974606,0.45789700404338135
4,0.03244713293238039,0.49034413697576174
5,0.01676727916843817,0.5071114161441999
