Factor,Variance,Cumulative Variance
1,0.36125953712623377,0.36125953712623377
2,0.05446293627545081,0.41572247340168456
3,0.04217453097727962,0.4578970043789642
4,0.03244713304147846,0.49034413742044264
5,0.016767279321694407,0.507111416742137
